in_channels,f_height,subsampling_factor,latency_mean
1,4,1,0.0011522695422172546
1,4,2,0.0061834207735955715
6,4,1,0.0011175498366355896
6,4,2,0.004715330433100462
11,4,1,0.0012429081834852695
11,4,2,0.007502250373363495
16,4,1,0.0011364719830453396
16,4,2,0.007539840880781412
21,4,1,0.0011277594603598118
21,4,2,0.00791548052802682
26,4,1,0.0011174101382493973
26,4,2,0.006323629058897495
31,4,1,0.0010942388325929642
31,4,2,0.006499660667032003
36,4,1,0.0010820897296071053
36,4,2,0.006717019714415073
41,4,1,0.0010911584831774235
41,4,2,0.007143928669393063
46,4,1,0.0010902900248765945
46,4,2,0.010266390163451433
51,4,1,0.0015979702584445477
51,4,2,0.00781971961259842
56,4,1,0.0010882806964218616
56,4,2,0.008253229316323996
61,4,1,0.0012837909162044525
61,4,2,0.011634300462901592
66,4,1,0.0015872297808527946
66,4,2,0.011986689642071724
71,4,1,0.0010940898209810257
71,4,2,0.008848810102790594
76,4,1,0.001128888688981533
76,4,2,0.01296664122492075
81,4,1,0.00109085813164711
81,4,2,0.009677340276539326
86,4,1,0.0010903505608439445
86,4,2,0.013984041288495064
91,4,1,0.0010972819291055202
91,4,2,0.010067939292639494
96,4,1,0.0018545286729931831
96,4,2,0.014706749934703112
101,4,1,0.001100099179893732
101,4,2,0.015304561238735914
106,4,1,0.0010808906517922878
106,4,2,0.015772900078445673
111,4,1,0.0010913400910794735
111,4,2,0.011529959738254547
116,4,1,0.0012723798863589764
116,4,2,0.016630238387733698
121,4,1,0.0011853687465190887
121,4,2,0.012042759917676449
126,4,1,0.0011058198288083076
126,4,2,0.0122221396304667
131,4,1,0.0011064601130783558
131,4,2,0.012745140120387077
136,4,1,0.001100150402635336
136,4,2,0.012880801223218441
141,4,1,0.0012124096974730492
141,4,2,0.019259550608694553
146,4,1,0.0014083296991884708
146,4,2,0.019423968624323606
1,5,1,0.0010876404121518135
1,5,2,0.0060113403014838696
6,5,1,0.0015794788487255573
6,5,2,0.006637158803641796
11,5,1,0.0010910490527749062
11,5,2,0.0070145889185369015
16,5,1,0.0010960712097585201
16,5,2,0.007683751173317432
21,5,1,0.001234689261764288
21,5,2,0.00815904000774026
26,5,1,0.0010987394489347935
26,5,2,0.006304620765149593
31,5,1,0.001099701039493084
31,5,2,0.006527940277010202
36,5,1,0.0014975806698203087
36,5,2,0.00942399026826024
41,5,1,0.001583341509103775
41,5,2,0.009901861194521189
46,5,1,0.001095910556614399
46,5,2,0.010433278512209654
51,5,1,0.0016130320727825165
51,5,2,0.010745609179139137
56,5,1,0.0010948395356535912
56,5,2,0.011328340042382479
61,5,1,0.0010887300595641136
61,5,2,0.011693721171468496
66,5,1,0.001088900025933981
66,5,2,0.012283120304346085
71,5,1,0.0014788913540542126
71,5,2,0.01279094023630023
76,5,1,0.0015867012552917004
76,5,2,0.013542091473937035
81,5,1,0.0010994193144142628
81,5,2,0.009666560217738152
86,5,1,0.0010959594510495663
86,5,2,0.014188610948622227
91,5,1,0.0014819600619375706
91,5,2,0.014474871568381786
96,5,1,0.0015868991613388062
96,5,2,0.010884890798479319
101,5,1,0.0010883482173085213
101,5,2,0.01946263015270233
106,5,1,0.0011085695587098598
106,5,2,0.014280648902058601
111,5,1,0.0010889791883528233
111,5,2,0.011455670464783907
116,5,1,0.001082110684365034
116,5,2,0.016918270848691463
121,5,1,0.0011018989607691765
121,5,2,0.017294930294156075
126,5,1,0.0012603309005498886
126,5,2,0.017944590654224157
131,5,1,0.0010997988283634186
131,5,2,0.01826693071052432
136,5,1,0.0010970095172524452
136,5,2,0.02292968099936843
141,5,1,0.0010868208482861519
141,5,2,0.013292150106281042
146,5,1,0.0010839896276593208
146,5,2,0.014865200500935316
1,6,1,0.0011020200327038765
1,6,2,0.00757887028157711
6,6,1,0.0010861805640161037
6,6,2,0.006817008834332228
11,6,1,0.001088420394808054
11,6,2,0.007102340459823608
16,6,1,0.001085079275071621
16,6,2,0.009926760103553534
21,6,1,0.0013187085278332233
21,6,2,0.010343161411583424
26,6,1,0.0011078896932303905
26,6,2,0.011184071190655231
31,6,1,0.001096460036933422
31,6,2,0.01233748160302639
36,6,1,0.0010844995267689228
36,6,2,0.0132822897285223
41,6,1,0.001091579906642437
41,6,2,0.014241698663681746
46,6,1,0.0011336500756442547
46,6,2,0.015421321149915459
51,6,1,0.0010950607247650623
51,6,2,0.016415459103882313
56,6,1,0.001249730121344328
56,6,2,0.017392239533364773
61,6,1,0.001090560108423233
61,6,2,0.013535788748413324
66,6,1,0.0010997988283634186
66,6,2,0.02360811922699213
71,6,1,0.001094380859285593
71,6,2,0.014378929045051336
76,6,1,0.0011134613305330276
76,6,2,0.02153127919882536
81,6,1,0.0010915310122072697
81,6,2,0.02290520118549466
86,6,1,0.001229818444699049
86,6,2,0.017288420349359512
91,6,1,0.0011009909212589264
91,6,2,0.024457310792058706
96,6,1,0.0011053611524403095
96,6,2,0.025508920662105083
101,6,1,0.0010876008309423923
101,6,2,0.02653807168826461
106,6,1,0.0010855402797460556
106,6,2,0.019221121910959482
111,6,1,0.0011082901619374752
111,6,2,0.02851545112207532
116,6,1,0.0010838382877409458
116,6,2,0.02962936880066991
121,6,1,0.0010912306606769562
121,6,2,0.03062424017116427
126,6,1,0.0013399007730185986
126,6,2,0.02153143985196948
131,6,1,0.0021155294962227345
131,6,2,0.03292169887572527
136,6,1,0.0011127791367471218
136,6,2,0.023135291412472725
141,6,1,0.0010914611630141735
141,6,2,0.02452956046909094
146,6,1,0.0010939594358205795
146,6,2,0.035571970511227846
1,7,1,0.0010834401473402977
1,7,2,0.004755530972033739
6,7,1,0.0011983304284512997
6,7,2,0.00546691007912159
11,7,1,0.00108740059658885
11,7,2,0.006084761116653681
16,7,1,0.0010788184590637684
16,7,2,0.009463541209697723
21,7,1,0.0010921596549451351
21,7,2,0.010415450669825077
26,7,1,0.001097358763217926
26,7,2,0.011403399985283613
31,7,1,0.0010845018550753593
31,7,2,0.008921402040868998
36,7,1,0.0010940805077552795
36,7,2,0.009377531241625547
41,7,1,0.0010796310380101204
41,7,2,0.014532431960105896
46,7,1,0.0011697900481522083
46,7,2,0.015611429698765278
51,7,1,0.001103819813579321
51,7,2,0.011524490546435118
56,7,1,0.0010814890265464783
56,7,2,0.01781419850885868
61,7,1,0.001089470461010933
61,7,2,0.013135441113263369
66,7,1,0.0010869000107049942
66,7,2,0.013528759591281414
71,7,1,0.0010907789692282677
71,7,2,0.015200527850538492
76,7,1,0.0010913400910794735
76,7,2,0.01501578139141202
81,7,1,0.0010932213626801968
81,7,2,0.015693090390414
86,7,1,0.0010902201756834984
86,7,2,0.023922189138829708
91,7,1,0.0010872003622353077
91,7,2,0.01718686893582344
96,7,1,0.0010949792340397835
96,7,2,0.018126340582966805
101,7,1,0.0010915007442235947
101,7,2,0.026844891253858805
106,7,1,0.001089379657059908
106,7,2,0.018977948930114508
111,7,1,0.001099130604416132
111,7,2,0.019607648719102144
116,7,1,0.0010829209350049496
116,7,2,0.02082246821373701
121,7,1,0.0010846485383808613
121,7,2,0.02146356040611863
126,7,1,0.0013065198436379433
126,7,2,0.032127080485224724
131,7,1,0.0010891794227063656
131,7,2,0.03306684084236622
136,7,1,0.0010188715532422066
136,7,2,0.034207741264253855
141,7,1,0.0010905507951974869
141,7,2,0.02688713138923049
146,7,1,0.0010811095125973225
146,7,2,0.025005030911415815
1,8,1,0.0010856008157134056
1,8,2,0.00642252154648304
6,8,1,0.001087789423763752
6,8,2,0.005993898957967758
11,8,1,0.0015878211706876755
11,8,2,0.010125641711056232
16,8,1,0.0010859407484531403
16,8,2,0.008413230534642935
21,8,1,0.0010921293869614601
21,8,2,0.013810282107442617
26,8,1,0.0010881200432777405
26,8,2,0.010783919133245945
31,8,1,0.001092029269784689
31,8,2,0.01731035066768527
36,8,1,0.0011429493315517902
36,8,2,0.014105380978435278
41,8,1,0.0010890886187553406
41,8,2,0.02092052949592471
46,8,1,0.0014612381346523762
46,8,2,0.015669919084757566
51,8,1,0.0010884902440011501
51,8,2,0.017519500106573105
56,8,1,0.0010794401168823242
56,8,2,0.02604183042421937
61,8,1,0.0017357897013425827
61,8,2,0.027811299078166485
66,8,1,0.0015738396905362606
66,8,2,0.020362609066069126
71,8,1,0.001246389001607895
71,8,2,0.03126383060589433
76,8,1,0.0011045485734939575
76,8,2,0.026170420460402966
81,8,1,0.0011083600111305714
81,8,2,0.035079759545624256
86,8,1,0.001564652193337679
86,8,2,0.03656279994174838
91,8,1,0.001083877868950367
91,8,2,0.03850021166726947
96,8,1,0.0010790582746267319
96,8,2,0.028087140526622534
101,8,1,0.0015845615416765213
101,8,2,0.04193997010588646
106,8,1,0.0010784203186631203
106,8,2,0.030272260773926973
111,8,1,0.0015800213441252708
111,8,2,0.045580780133605
116,8,1,0.001072960440069437
116,8,2,0.04697960102930665
121,8,1,0.0016598193906247616
121,8,2,0.04897363018244505
126,8,1,0.001491159200668335
126,8,2,0.050877430476248264
131,8,1,0.0010776310227811337
131,8,2,0.05277050891891122
136,8,1,0.0010867603123188019
136,8,2,0.05455577978864312
141,8,1,0.0010794377885758877
141,8,2,0.03848884953185916
146,8,1,0.001078678760677576
146,8,2,0.05786698078736663
1,9,1,0.0012949295341968536
1,9,2,0.006611670833081007
6,9,1,0.0010815891437232494
6,9,2,0.006159539334475994
11,9,1,0.001159298699349165
11,9,2,0.007674728985875845
16,9,1,0.0015678093768656254
16,9,2,0.011979658156633377
21,9,1,0.0017522601410746574
21,9,2,0.013750158250331879
26,9,1,0.0010866601951420307
26,9,2,0.01543544000014663
31,9,1,0.0010791094973683357
31,9,2,0.011958039831370115
36,9,1,0.0010764505714178085
36,9,2,0.013416470028460026
41,9,1,0.0010759616270661354
41,9,2,0.021010232158005238
46,9,1,0.0010760198347270489
46,9,2,0.02278285101056099
51,9,1,0.001081889495253563
51,9,2,0.024526610504835844
56,9,1,0.001072022132575512
56,9,2,0.02652136841788888
61,9,1,0.0010732095688581467
61,9,2,0.019141680095344782
66,9,1,0.001263630110770464
66,9,2,0.021108021028339863
71,9,1,0.0010798592120409012
71,9,2,0.021950968075543642
76,9,1,0.0011061783879995346
76,9,2,0.03801259910687804
81,9,1,0.0010811001993715763
81,9,2,0.024143410846590996
86,9,1,0.0012266403064131737
86,9,2,0.03725358983501792
91,9,1,0.0010774401016533375
91,9,2,0.026562041603028774
96,9,1,0.0017365417443215847
96,9,2,0.027919700369238853
101,9,1,0.0010754400864243507
101,9,2,0.030885969754308466
106,9,1,0.0010758684948086739
106,9,2,0.029994421638548374
111,9,1,0.0010932981967926025
111,9,2,0.03125140909105539
116,9,1,0.001079309731721878
116,9,2,0.048011529725044966
121,9,1,0.0013556703925132751
121,9,2,0.033461039420217276
126,9,1,0.0013120821677148342
126,9,2,0.051722920034080744
131,9,1,0.0010773306712508202
131,9,2,0.053764479234814644
136,9,1,0.0010871514678001404
136,9,2,0.06528333993628621
141,9,1,0.0010758312419056892
141,9,2,0.041940498631447554
146,9,1,0.001071118749678135
146,9,2,0.05880611017346382
1,10,1,0.0010892096906900406
1,10,2,0.004898412153124809
6,10,1,0.0010878616012632847
6,10,2,0.006979089230298996
11,10,1,0.0010855216532945633
11,10,2,0.008783410303294659
16,10,1,0.002063838765025139
16,10,2,0.015181249473243952
21,10,1,0.0010748510248959064
21,10,2,0.012668659910559654
26,10,1,0.001076660118997097
26,10,2,0.020712309051305056
31,10,1,0.0010723201557993889
31,10,2,0.023566859308630228
36,10,1,0.0021651387214660645
36,10,2,0.03369323909282684
41,10,1,0.0013055303134024143
41,10,2,0.02921207109466195
46,10,1,0.0010695797391235828
46,10,2,0.03198966849595308
51,10,1,0.0010766880586743355
51,10,2,0.02445683814585209
56,10,1,0.0018395506776869297
56,10,2,0.03788133850321174
61,10,1,0.0018119090236723423
61,10,2,0.029056428465992212
66,10,1,0.001069740392267704
66,10,2,0.029911280144006014
71,10,1,0.0013263104483485222
71,10,2,0.03209790913388133
76,10,1,0.001322838943451643
76,10,2,0.04961298080161214
81,10,1,0.0010810093954205513
81,10,2,0.035918878857046366
86,10,1,0.0010732794180512428
86,10,2,0.037653211038559675
91,10,1,0.001077589113265276
91,10,2,0.04009725991636515
96,10,1,0.0019969092682003975
96,10,2,0.06609813077375293
101,10,1,0.0018680118955671787
101,10,2,0.05536630982533097
106,10,1,0.0010725390166044235
106,10,2,0.04611253971233964
111,10,1,0.0010854401625692844
111,10,2,0.046994120348244905
116,10,1,0.0014898693189024925
116,10,2,0.05583579884842038
121,10,1,0.001092609018087387
121,10,2,0.07368879858404398
126,10,1,0.0010753213427960873
126,10,2,0.05843295017257333
131,10,1,0.0010687694884836674
131,10,2,0.07944815093651414
136,10,1,0.0012965197674930096
136,10,2,0.08290759054943919
141,10,1,0.0015738396905362606
141,10,2,0.10072063887491822
146,10,1,0.0022036582231521606
146,10,2,0.08799490984529257
1,11,1,0.0010851281695067883
1,11,2,0.005455119535326958
6,11,1,0.0010837195441126823
6,11,2,0.013458251487463713
11,11,1,0.0010846182703971863
11,11,2,0.008792798034846783
16,11,1,0.0014664209447801113
16,11,2,0.010939659550786018
21,11,1,0.001574680209159851
21,11,2,0.01801184145733714
26,11,1,0.0010924600064754486
26,11,2,0.020880759693682194
31,11,1,0.0015569687820971012
31,11,2,0.02379901008680463
36,11,1,0.001586470752954483
36,11,2,0.02643604064360261
41,11,1,0.001166430301964283
41,11,2,0.026567699387669563
46,11,1,0.0010728486813604832
46,11,2,0.02703700913116336
51,11,1,0.0010754098184406757
51,11,2,0.02454924862831831
56,11,1,0.0011422205716371536
56,11,2,0.037826900370419025
61,11,1,0.001088092103600502
61,11,2,0.04081806866452098
66,11,1,0.001075700856745243
66,11,2,0.0306493416428566
71,11,1,0.0010770303197205067
71,11,2,0.04659776110202074
76,11,1,0.0010702991858124733
76,11,2,0.048995278775691986
81,11,1,0.0010840198956429958
81,11,2,0.052700950764119625
86,11,1,0.0010751979425549507
86,11,2,0.054938518442213535
91,11,1,0.0010792398825287819
91,11,2,0.057699549943208694
96,11,1,0.0010835891589522362
96,11,2,0.0412464514374733
101,11,1,0.001871609129011631
101,11,2,0.04364463035017252
106,11,1,0.0010642805136740208
106,11,2,0.04608717979863286
111,11,1,0.001084988471120596
111,11,2,0.06901737069711089
116,11,1,0.0010670209303498268
116,11,2,0.04955145996063948
121,11,1,0.0014807120896875858
121,11,2,0.07445731898769736
126,11,1,0.0010779500007629395
126,11,2,0.07763654924929142
131,11,1,0.0010820291936397552
131,11,2,0.08031870005652308
136,11,1,0.0012297485955059528
136,11,2,0.08291931124404073
141,11,1,0.0011010398156940937
141,11,2,0.059393050614744425
146,11,1,0.0010704505257308483
146,11,2,0.08877475978806615
1,12,1,0.0010826392099261284
1,12,2,0.006871798541396856
6,12,1,0.001072930172085762
6,12,2,0.015147398225963116
11,12,1,0.0017101503908634186
11,12,2,0.01495748059824109
16,12,1,0.001087698619812727
16,12,2,0.019076319877058268
21,12,1,0.001593420747667551
21,12,2,0.02301424043253064
26,12,1,0.001176898367702961
26,12,2,0.027152670081704855
31,12,1,0.0010730000212788582
31,12,2,0.031094278674572706
36,12,1,0.001579909585416317
36,12,2,0.03495866898447275
41,12,1,0.0012666708789765835
41,12,2,0.027374140918254852
46,12,1,0.0015618279576301575
46,12,2,0.04315441008657217
51,12,1,0.0010788114741444588
51,12,2,0.046864820178598166
56,12,1,0.0010855495929718018
56,12,2,0.035988239105790854
61,12,1,0.001087249256670475
61,12,2,0.05506887100636959
66,12,1,0.0010747485794126987
66,12,2,0.05904172081500292
71,12,1,0.0015849899500608444
71,12,2,0.06335680838674307
76,12,1,0.0010919012129306793
76,12,2,0.06695237942039967
81,12,1,0.001076508779078722
81,12,2,0.04968886962160468
86,12,1,0.0010812096297740936
86,12,2,0.05332825006917119
91,12,1,0.001270161010324955
91,12,2,0.07921120850369334
96,12,1,0.0012917513959109783
96,12,2,0.05706969881430268
101,12,1,0.0010921899229288101
101,12,2,0.08720234967768192
106,12,1,0.0012676697224378586
106,12,2,0.09125801036134362
111,12,1,0.0010775704868137836
111,12,2,0.06596497958526015
116,12,1,0.0011259200982749462
116,12,2,0.06772646214812994
121,12,1,0.0010807905346155167
121,12,2,0.10400379076600075
126,12,1,0.0010772095993161201
126,12,2,0.07344931829720736
131,12,1,0.001078769564628601
131,12,2,0.11115666013211012
136,12,1,0.0010732398368418217
136,12,2,0.10018819011747837
141,12,1,0.0011351006105542183
141,12,2,0.08857697946950793
146,12,1,0.0011051609180867672
146,12,2,0.12573163956403732
1,13,1,0.0012195785529911518
1,13,2,0.006900927983224392
6,13,1,0.0012168590910732746
6,13,2,0.008158739656209946
11,13,1,0.0010842387564480305
11,13,2,0.010534101165831089
16,13,1,0.0010712980292737484
16,13,2,0.013169478625059128
21,13,1,0.0010761106386780739
21,13,2,0.02315639052540064
26,13,1,0.0010805507190525532
26,13,2,0.01933084102347493
31,13,1,0.0010728486813604832
31,13,2,0.03149669151753187
36,13,1,0.001230181660503149
36,13,2,0.03548026084899902
41,13,1,0.0012295693159103394
41,13,2,0.03945339936763048
46,13,1,0.0010732002556324005
46,13,2,0.02957619959488511
51,13,1,0.0011446094140410423
51,13,2,0.03625248093158007
56,13,1,0.001073409803211689
56,13,2,0.051449970342218876
61,13,1,0.0011876109056174755
61,13,2,0.0558701204136014
66,13,1,0.0010790908709168434
66,13,2,0.05971868988126516
71,13,1,0.0010812701657414436
71,13,2,0.043741639237850904
76,13,1,0.0010762503370642662
76,13,2,0.06775139132514596
81,13,1,0.0010869489051401615
81,13,2,0.0716578378342092
86,13,1,0.0010721897706389427
86,13,2,0.05111518083140254
91,13,1,0.0010794703848659992
91,13,2,0.07967185927554965
96,13,1,0.001567129511386156
96,13,2,0.057029740419238806
101,13,1,0.001080839429050684
101,13,2,0.060192879755049944
106,13,1,0.001082399394363165
106,13,2,0.06217190064489842
111,13,1,0.0010807299986481667
111,13,2,0.09591601090505719
116,13,1,0.0010660896077752113
116,13,2,0.06751114036887884
121,13,1,0.0010882900096476078
121,13,2,0.068083421792835
126,13,1,0.0010748999193310738
126,13,2,0.07542921928688884
131,13,1,0.0014016497880220413
131,13,2,0.11223527137190104
136,13,1,0.0010767998173832893
136,13,2,0.1162326498888433
141,13,1,0.0012613506987690926
141,13,2,0.12051763944327831
146,13,1,0.0010775704868137836
146,13,2,0.12458354933187366
1,14,1,0.0011575291864573956
1,14,2,0.006030648946762085
6,14,1,0.0010740500874817371
6,14,2,0.012510230299085379
11,14,1,0.0010761106386780739
11,14,2,0.018161199986934662
16,14,1,0.0010775099508464336
16,14,2,0.023564931470900774
21,14,1,0.0010857591405510902
21,14,2,0.029117860831320286
26,14,1,0.001104550901800394
26,14,2,0.03449707990512252
31,14,1,0.0010915705934166908
31,14,2,0.03992999903857708
36,14,1,0.0010755285620689392
36,14,2,0.045489310286939144
41,14,1,0.0010729581117630005
41,14,2,0.0346418097615242
46,14,1,0.0010786508210003376
46,14,2,0.05676459055393934
51,14,1,0.001081828959286213
51,14,2,0.0616521411575377
56,14,1,0.0010737497359514236
56,14,2,0.0670236092992127
61,14,1,0.0010809209197759628
61,14,2,0.04944576183333993
66,14,1,0.0011917995288968086
66,14,2,0.07805539993569255
71,14,1,0.0010860501788556576
71,14,2,0.0838095904327929
76,14,1,0.001075631007552147
76,14,2,0.0931500201113522
81,14,1,0.0012048706412315369
81,14,2,0.09444494033232331
86,14,1,0.0010839710012078285
86,14,2,0.07335381116718054
91,14,1,0.0010894006118178368
91,14,2,0.07188955787569284
96,14,1,0.001069770660251379
96,14,2,0.11075258022174239
101,14,1,0.001089621800929308
101,14,2,0.11585240019485354
106,14,1,0.0010766205377876759
106,14,2,0.12236162088811399
111,14,1,0.0010711397044360638
111,14,2,0.0871005398221314
116,14,1,0.0010783388279378414
116,14,2,0.13196926098316908
121,14,1,0.001082641538232565
121,14,2,0.13813628116622567
126,14,1,0.0010980409570038319
126,14,2,0.14688058057799935
131,14,1,0.0011012796312570572
131,14,2,0.1522730616852641
136,14,1,0.001082499511539936
136,14,2,0.153575309086591
141,14,1,0.0010817893780767918
141,14,2,0.11477428954094648
146,14,1,0.001076841726899147
146,14,2,0.11374005815014243
1,15,1,0.0010828999802470207
1,15,2,0.007083851378411055
6,15,1,0.0012323702685534954
6,15,2,0.01281782053411007
11,15,1,0.0015609501861035824
11,15,2,0.01826592953875661
16,15,1,0.0011286092922091484
16,15,2,0.0163932703435421
21,15,1,0.0010762200690805912
21,15,2,0.029105350840836763
26,15,1,0.001087309792637825
26,15,2,0.03458220046013594
31,15,1,0.0014752103015780449
31,15,2,0.04023405956104398
36,15,1,0.0014695990830659866
36,15,2,0.0456011388450861
41,15,1,0.001071360893547535
41,15,2,0.03461675951257348
46,15,1,0.0010726996697485447
46,15,2,0.056849280372262
51,15,1,0.0010803411714732647
51,15,2,0.042786840349435806
56,15,1,0.0012141512706875801
56,15,2,0.06781870033591986
61,15,1,0.0010771979577839375
61,15,2,0.049798248801380396
66,15,1,0.0010795798152685165
66,15,2,0.07834278047084808
71,15,1,0.0010769395157694817
71,15,2,0.08388421963900328
76,15,1,0.0010700407437980175
76,15,2,0.06135192001238465
81,15,1,0.0010735797695815563
81,15,2,0.09472543140873313
86,15,1,0.0014751194976270199
86,15,2,0.0680861109867692
91,15,1,0.001082110684365034
91,15,2,0.1058572088368237
96,15,1,0.0011122412979602814
96,15,2,0.11133098043501377
101,15,1,0.0010812003165483475
101,15,2,0.11693800101056695
106,15,1,0.0017769308760762215
106,15,2,0.1221696101129055
111,15,1,0.0010709394700825214
111,15,2,0.1278916490264237
116,15,1,0.0010765902698040009
116,15,2,0.1328601106069982
121,15,1,0.0010887091048061848
121,15,2,0.09336650837212801
126,15,1,0.0010717986151576042
126,15,2,0.14384832000359893
131,15,1,0.0010746018961071968
131,15,2,0.1498256204649806
136,15,1,0.0012240512296557426
136,15,2,0.1544529409147799
141,15,1,0.0011706002987921238
141,15,2,0.10992675786837935
146,15,1,0.0010924506932497025
146,15,2,0.1133730192668736
1,16,1,0.0013014604337513447
1,16,2,0.007611638866364956
6,16,1,0.0014467095024883747
6,16,2,0.010244890581816435
11,16,1,0.001082338858395815
11,16,2,0.0216742604970932
16,16,1,0.0010712002404034138
16,16,2,0.020024459809064865
21,16,1,0.001759580336511135
21,16,2,0.03620132105425
26,16,1,0.0016984203830361366
26,16,2,0.04291291115805507
31,16,1,0.0015791296027600765
31,16,2,0.050216258969157934
36,16,1,0.0010687997564673424
36,16,2,0.05695644998922944
41,16,1,0.0017404393292963505
41,16,2,0.04690066911280155
46,16,1,0.0012727687135338783
46,16,2,0.07123855873942375
51,16,1,0.0015808199532330036
51,16,2,0.07829386042430997
56,16,1,0.0010791816748678684
56,16,2,0.08519744034856558
61,16,1,0.0010804599151015282
61,16,2,0.08846413809806108
66,16,1,0.0010795006528496742
66,16,2,0.06796397035941482
71,16,1,0.0013428600504994392
71,16,2,0.10623379144817591
76,16,1,0.0010807998478412628
76,16,2,0.07766263093799353
81,16,1,0.0010773399844765663
81,16,2,0.12046481017023325
86,16,1,0.0010802713222801685
86,16,2,0.10692037176340818
91,16,1,0.001666909083724022
91,16,2,0.1347090513445437
96,16,1,0.0010709092020988464
96,16,2,0.09814769960939884
101,16,1,0.0013322383165359497
101,16,2,0.10161012876778841
106,16,1,0.0010784994810819626
106,16,2,0.15379925025627017
111,16,1,0.001075549516826868
111,16,2,0.1591988606378436
116,16,1,0.0010730582289397717
116,16,2,0.11603633174672723
121,16,1,0.0012682517990469933
121,16,2,0.1686882902868092
126,16,1,0.0010698591358959675
126,16,2,0.17346092965453863
131,16,1,0.0010792398825287819
131,16,2,0.17642616061493754
136,16,1,0.0010757707059383392
136,16,2,0.18294754903763533
141,16,1,0.001075600739568472
141,16,2,0.18533774884417653
146,16,1,0.0010740081779658794
146,16,2,0.19247926073148847
1,17,1,0.0010913214646279812
1,17,2,0.007488681003451347
6,17,1,0.0012530898675322533
6,17,2,0.010196310468018055
11,17,1,0.001085831318050623
11,17,2,0.015197189059108496
16,17,1,0.0010766112245619297
16,17,2,0.028890790417790413
21,17,1,0.0010694703087210655
21,17,2,0.036263661459088326
26,17,1,0.0010760687291622162
26,17,2,0.0434258789755404
31,17,1,0.0015748292207717896
31,17,2,0.0505337817594409
36,17,1,0.0014607980847358704
36,17,2,0.05727462936192751
41,17,1,0.0015793112106621265
41,17,2,0.06461814977228642
46,17,1,0.0010867603123188019
46,17,2,0.048680189065635204
51,17,1,0.001093170139938593
51,17,2,0.0789769901894033
56,17,1,0.0012115808203816414
56,17,2,0.05787820089608431
61,17,1,0.0010816589929163456
61,17,2,0.06535012042149901
66,17,1,0.0015842798165977001
66,17,2,0.10033130878582597
71,17,1,0.0015946384519338608
71,17,2,0.10731724789366126
76,17,1,0.0014650006778538227
76,17,2,0.11476745130494237
81,17,1,0.00107988016679883
81,17,2,0.08316091960296035
86,17,1,0.0010744808241724968
86,17,2,0.08861918933689594
91,17,1,0.001091549638658762
91,17,2,0.13559557031840086
96,17,1,0.001076720654964447
96,17,2,0.14288014033809304
101,17,1,0.0010762689635157585
101,17,2,0.14718609862029552
106,17,1,0.0010820082388818264
106,17,2,0.15446973033249378
111,17,1,0.0010860199108719826
111,17,2,0.11170564917847514
116,17,1,0.0010695192031562328
116,17,2,0.16465529100969434
121,17,1,0.001079128123819828
121,17,2,0.16995219979435205
126,17,1,0.0010658800601959229
126,17,2,0.17249884083867073
131,17,1,0.0010865717194974422
131,17,2,0.17923766048625112
136,17,1,0.0010968605056405067
136,17,2,0.15249446965754032
141,17,1,0.001079728826880455
141,17,2,0.14143758220598102
146,17,1,0.00107988016679883
146,17,2,0.14426643028855324
1,18,1,0.0010902713984251022
1,18,2,0.007884460501372814
6,18,1,0.001261020079255104
6,18,2,0.016760078724473715
11,18,1,0.0010772491805255413
11,18,2,0.026010628789663315
16,18,1,0.0010684505105018616
16,18,2,0.035099321976304054
21,18,1,0.0010890094563364983
21,18,2,0.0439370097592473
26,18,1,0.0010725785978138447
26,18,2,0.05274491151794791
31,18,1,0.0010757893323898315
31,18,2,0.05974582862108946
36,18,1,0.0010944600217044353
36,18,2,0.04912361968308687
41,18,1,0.0010821898467838764
41,18,2,0.05385202821344137
46,18,1,0.001147240400314331
46,18,2,0.08874299935996532
51,18,1,0.0010863784700632095
51,18,2,0.09743213886395097
56,18,1,0.0010733702220022678
56,18,2,0.10678600985556841
61,18,1,0.0010765180923044682
61,18,2,0.07869752123951912
66,18,1,0.0010774610564112663
66,18,2,0.08630071068182588
71,18,1,0.0010797311551868916
71,18,2,0.13802836183458567
76,18,1,0.0010980991646647453
76,18,2,0.14308579033240676
81,18,1,0.0010872911661863327
81,18,2,0.1503262296319008
86,18,1,0.0010722898878157139
86,18,2,0.11412871070206165
91,18,1,0.0010842690244317055
91,18,2,0.11827640002593398
96,18,1,0.0010841898620128632
96,18,2,0.16906494973227382
101,18,1,0.0010796496644616127
101,18,2,0.17489769961684942
106,18,1,0.0010770210064947605
106,18,2,0.13396942988038063
111,18,1,0.0010785693302750587
111,18,2,0.18439331091940403
116,18,1,0.0013060402125120163
116,18,2,0.19394994946196675
121,18,1,0.0010768999345600605
121,18,2,0.15113892033696175
126,18,1,0.0010817102156579494
126,18,2,0.15852873213589191
131,18,1,0.0010818406008183956
131,18,2,0.16432804055511951
136,18,1,0.0010811095125973225
136,18,2,0.2621010900475085
141,18,1,0.0016664806753396988
141,18,2,0.28174320003017783
146,18,1,0.0017245905473828316
146,18,2,0.27629168005660176
1,19,1,0.0010913400910794735
1,19,2,0.005513490177690983
6,19,1,0.0017058220691978931
6,19,2,0.012185841333121061
11,19,1,0.0010743411257863045
11,19,2,0.025998931378126144
16,19,1,0.0010708603076636791
16,19,2,0.03499785903841257
21,19,1,0.0011980393901467323
21,19,2,0.030949630308896303
26,19,1,0.0010703783482313156
26,19,2,0.05284938961267471
31,19,1,0.0015662703663110733
31,19,2,0.06201029056683182
36,19,1,0.0010813702829182148
36,19,2,0.07058817893266678
41,19,1,0.0011705607175827026
41,19,2,0.07999583845958114
46,19,1,0.0011621718294918537
46,19,2,0.08918712846934795
51,19,1,0.0010753003880381584
51,19,2,0.09795049903914332
56,19,1,0.0012712599709630013
56,19,2,0.10717469034716487
61,19,1,0.0011813989840447903
61,19,2,0.08138389093801379
66,19,1,0.002107839100062847
66,19,2,0.13915668008849025
71,19,1,0.0010765180923044682
71,19,2,0.13412456028163433
76,19,1,0.0010833796113729477
76,19,2,0.09758577216416597
81,19,1,0.0016127387061715126
81,19,2,0.10271111968904734
86,19,1,0.001074469182640314
86,19,2,0.1582322409376502
91,19,1,0.001078860368579626
91,19,2,0.16377196181565523
96,19,1,0.0010746903717517853
96,19,2,0.1694381795823574
101,19,1,0.0010727089829742908
101,19,2,0.17521451925858855
106,19,1,0.0010703597217798233
106,19,2,0.17986807972192764
111,19,1,0.0010872399434447289
111,19,2,0.18712625140324235
116,19,1,0.0020632008090615273
116,19,2,0.19236647058278322
121,19,1,0.0010782107710838318
121,19,2,0.15197698026895523
126,19,1,0.0010769511573016644
126,19,2,0.20350564969703555
131,19,1,0.0012703891843557358
131,19,2,0.2355325105600059
136,19,1,0.001778320875018835
136,19,2,0.18486838089302182
141,19,1,0.0014585116878151894
141,19,2,0.2553959912620485
146,19,1,0.0014943885616958141
146,19,2,0.2626292407512665
1,20,1,0.001467301044613123
1,20,2,0.006478328723460436
6,20,1,0.00131131149828434
6,20,2,0.016860920004546642
11,20,1,0.0013540894724428654
11,20,2,0.02164171077311039
16,20,1,0.0013263500295579433
16,20,2,0.02992324996739626
21,20,1,0.0014461204409599304
21,20,2,0.04166412865743041
26,20,1,0.0015707104466855526
26,20,2,0.04886453039944172
31,20,1,0.0016506691463291645
31,20,2,0.05305344006046653
36,20,1,0.0012947991490364075
36,20,2,0.060210940428078175
41,20,1,0.0014727306552231312
41,20,2,0.06923520006239414
46,20,1,0.001479939091950655
46,20,2,0.1141535909846425
51,20,1,0.0016939989291131496
51,20,2,0.093622209969908
56,20,1,0.0015317508950829506
56,20,2,0.1402426091954112
61,20,1,0.0015129894018173218
61,20,2,0.15223823953419924
66,20,1,0.0015276088379323483
66,20,2,0.16254579881206155
71,20,1,0.0014122715219855309
71,20,2,0.1672949083149433
76,20,1,0.0015349499881267548
76,20,2,0.12236729962751271
81,20,1,0.001394408755004406
81,20,2,0.13270738068968058
86,20,1,0.001388629898428917
86,20,2,0.13827990042045712
91,20,1,0.0010753003880381584
91,20,2,0.14797385782003403
96,20,1,0.001332610845565796
96,20,2,0.2571821608580649
101,20,1,0.0019173789769411087
101,20,2,0.18095785984769464
106,20,1,0.0010704714804887772
106,20,2,0.21310572046786547
111,20,1,0.0012499396689236164
111,20,2,0.2874042699113488
116,20,1,0.002757180482149124
116,20,2,0.3152030799537897
121,20,1,0.0018472690135240555
121,20,2,0.23777761962264776
126,20,1,0.001081959344446659
126,20,2,0.24195380974560976
131,20,1,0.0010835402645170689
131,20,2,0.20408695098012686
136,20,1,0.0010872003622353077
136,20,2,0.20514918956905603
141,20,1,0.001073379535228014
141,20,2,0.21521250950172544
146,20,1,0.0010737706907093525
146,20,2,0.2187893190421164
1,21,1,0.0010963506065309048
1,21,2,0.0064117182046175
6,21,1,0.0010742712765932083
6,21,2,0.013839011080563068
11,21,1,0.001299590803682804
11,21,2,0.030538570135831833
16,21,1,0.001076629851013422
16,21,2,0.041713600512593985
21,21,1,0.001075251493602991
21,21,2,0.036523069720715284
26,21,1,0.0010786298662424088
26,21,2,0.04354777047410607
31,21,1,0.0013554608449339867
31,21,2,0.0754931615665555
36,21,1,0.0012093107216060162
36,21,2,0.08604601956903934
41,21,1,0.0012013502418994904
41,21,2,0.0971125578507781
46,21,1,0.0015086098574101925
46,21,2,0.10808834107592702
51,21,1,0.0010780012235045433
51,21,2,0.11885829968377948
56,21,1,0.0010796007700264454
56,21,2,0.08803707081824541
61,21,1,0.0010884902440011501
61,21,2,0.14157877070829272
66,21,1,0.0010701315477490425
66,21,2,0.10269879130646586
71,21,1,0.0010903202928602695
71,21,2,0.15999208902940154
76,21,1,0.0012363400310277939
76,21,2,0.12221647193655372
81,21,1,0.0012324401177465916
81,21,2,0.17489874036982656
86,21,1,0.0010754610411822796
86,21,2,0.1835840498097241
91,21,1,0.001102718524634838
91,21,2,0.18574774032458663
96,21,1,0.0010764203034341335
96,21,2,0.19710419001057744
101,21,1,0.0010900991037487984
101,21,2,0.20220371894538403
106,21,1,0.001976350322365761
106,21,2,0.16306135104969144
111,21,1,0.0010805483907461166
111,21,2,0.20674311090260744
116,21,1,0.0010759406723082066
116,21,2,0.21711838897317648
121,21,1,0.0010806787759065628
121,21,2,0.22701027104631066
126,21,1,0.0010753516107797623
126,21,2,0.18862355966120958
131,21,1,0.001094290055334568
131,21,2,0.2407578402198851
136,21,1,0.0010785902850329876
136,21,2,0.25172198889777064
141,21,1,0.0010902690701186657
141,21,2,0.22222836036235094
146,21,1,0.0010692095384001732
146,21,2,0.2546994108706713
1,22,1,0.001079521607607603
1,22,2,0.008807550184428692
6,22,1,0.001571360044181347
6,22,2,0.022498478647321463
11,22,1,0.0015755393542349339
11,22,2,0.03610359039157629
16,22,1,0.0012313015758991241
16,22,2,0.049665109254419804
21,22,1,0.0010845786891877651
21,22,2,0.06316811079159379
26,22,1,0.0014817388728260994
26,22,2,0.07677146000787616
31,22,1,0.0012549012899398804
31,22,2,0.090341130271554
36,22,1,0.0015686405822634697
36,22,2,0.10382059030234814
41,22,1,0.0013087689876556396
41,22,2,0.11746803065761924
46,22,1,0.0013567600399255753
46,22,2,0.1308608311228454
51,22,1,0.001091519370675087
51,22,2,0.14403813052922487
56,22,1,0.0010873912833631039
56,22,2,0.1571309193968773
61,22,1,0.0010917987674474716
61,22,2,0.16552893910557032
66,22,1,0.0010681082494556904
66,22,2,0.17521754140034318
71,22,1,0.001083731185644865
71,22,2,0.13665586011484265
76,22,1,0.0010678195394575596
76,22,2,0.19944297848269343
81,22,1,0.001083670649677515
81,22,2,0.20115562016144395
86,22,1,0.001068119890987873
86,22,2,0.16564138000831008
91,22,1,0.0010778405703604221
91,22,2,0.2065508789382875
96,22,1,0.0010801409371197224
96,22,2,0.22121137008070946
101,22,1,0.0010861502960324287
101,22,2,0.23634908022359014
106,22,1,0.0010726600885391235
106,22,2,0.24558533914387226
111,22,1,0.0012653297744691372
111,22,2,0.24832183960825202
116,22,1,0.0010821805335581303
116,22,2,0.2605083817616105
121,22,1,0.001093079335987568
121,22,2,0.25837151100859046
126,22,1,0.001082348171621561
126,22,2,0.26930873980745673
131,22,1,0.0010903202928602695
131,22,2,0.24387919809669256
136,22,1,0.0010727695189416409
136,22,2,0.24912305874750015
141,22,1,0.0010848091915249825
141,22,2,0.25672078831121325
146,22,1,0.0012962915934622288
146,22,2,0.2749188500456512
1,23,1,0.0012638606131076813
1,23,2,0.008694699499756098
6,23,1,0.0010781502351164818
6,23,2,0.022537799086421728
11,23,1,0.0010844296775758266
11,23,2,0.026866469997912645
16,23,1,0.0010736612603068352
16,23,2,0.04959625890478492
21,23,1,0.0015842309221625328
21,23,2,0.049361560959368944
26,23,1,0.0010800198651850224
26,23,2,0.0575561192817986
31,23,1,0.0015790900215506554
31,23,2,0.09049207903444767
36,23,1,0.0010695098899304867
36,23,2,0.10384171968325973
41,23,1,0.001094890758395195
41,23,2,0.12113711098209023
46,23,1,0.001099489163607359
46,23,2,0.0939868506975472
51,23,1,0.0013063079677522182
51,23,2,0.10239789029583335
56,23,1,0.0010810000821948051
56,23,2,0.10963768931105733
61,23,1,0.0010776310227811337
61,23,2,0.16603096155449748
66,23,1,0.0010843505151569843
66,23,2,0.17658021999523044
71,23,1,0.001160530373454094
71,23,2,0.14120738953351974
76,23,1,0.001174339558929205
76,23,2,0.19515348132699728
81,23,1,0.0010795798152685165
81,23,2,0.20112205063924193
86,23,1,0.0010713585652410984
86,23,2,0.21254705963656306
91,23,1,0.0014522392302751541
91,23,2,0.21826436975970864
96,23,1,0.0010843388736248016
96,23,2,0.22703108144924045
101,23,1,0.0010875402949750423
101,23,2,0.24031167849898338
106,23,1,0.001211401540786028
106,23,2,0.25025160051882267
111,23,1,0.0010883202776312828
111,23,2,0.2156494790688157
116,23,1,0.0010723993182182312
116,23,2,0.26608148124068975
121,23,1,0.0010916683822870255
121,23,2,0.23043762892484665
126,23,1,0.0010700407437980175
126,23,2,0.25190677028149366
131,23,1,0.001328850630670786
131,23,2,0.2484053582884371
136,23,1,0.0010795798152685165
136,23,2,0.3047303087078035
141,23,1,0.0018474506214261055
141,23,2,0.2853378909640014
146,23,1,0.0010745995678007603
146,23,2,0.2681905101053417
1,24,1,0.001077260822057724
1,24,2,0.006996218580752611
6,24,1,0.001549550797790289
6,24,2,0.01815902069211006
11,24,1,0.0010762596502900124
11,24,2,0.029694060795009136
16,24,1,0.00108006177470088
16,24,2,0.05792050855234265
21,24,1,0.0010833190754055977
21,24,2,0.07402121089398861
26,24,1,0.0011940905824303627
26,24,2,0.0624039489775896
31,24,1,0.0011066277511417866
31,24,2,0.08260842878371477
36,24,1,0.0010795309208333492
36,24,2,0.08647595066577196
41,24,1,0.001083610113710165
41,24,2,0.13790555065497756
46,24,1,0.0010683294385671616
46,24,2,0.15375575050711632
51,24,1,0.0012489687651395798
51,24,2,0.1649044593796134
56,24,1,0.001074550673365593
56,24,2,0.17549632117152214
61,24,1,0.001079309731721878
61,24,2,0.18579418770968914
66,24,1,0.0011989986523985863
66,24,2,0.1968584186397493
71,24,1,0.0010899920016527176
71,24,2,0.19029696006327868
76,24,1,0.0010803504846990108
76,24,2,0.2215455984696746
81,24,1,0.0012878607958555222
81,24,2,0.18823583144694567
86,24,1,0.0010846392251551151
86,24,2,0.23960599908605218
91,24,1,0.0010889116674661636
91,24,2,0.24608030915260312
96,24,1,0.0010772398672997952
96,24,2,0.2663581003434956
101,24,1,0.0010918197222054005
101,24,2,0.22828632965683937
106,24,1,0.0010716402903199196
106,24,2,0.2731280098669231
111,24,1,0.0012838700786232948
111,24,2,0.30157649191096425
116,24,1,0.0010664202272891998
116,24,2,0.30182094080373645
121,24,1,0.0010850210674107075
121,24,2,0.3109352197498083
126,24,1,0.0010688393376767635
126,24,2,0.2677277382463217
131,24,1,0.0010863295756280422
131,24,2,0.3261126112192869
136,24,1,0.0010773702524602413
136,24,2,0.3319144109264016
141,24,1,0.001085589174181223
141,24,2,0.3423714102245867
146,24,1,0.0010842503979802132
146,24,2,0.36103885853663087
1,25,1,0.0011870404705405235
1,25,2,0.00937687000259757
6,25,1,0.0010790000669658184
6,25,2,0.021963019389659166
11,25,1,0.0010749604552984238
11,25,2,0.05210224073380232
16,25,1,0.0010748906061053276
16,25,2,0.05798686062917113
21,25,1,0.0010900385677814484
21,25,2,0.052059669978916645
26,25,1,0.0010717310942709446
26,25,2,0.06310085067525506
31,25,1,0.00109103973954916
31,25,2,0.07486409042030573
36,25,1,0.0010079704225063324
36,25,2,0.12252304004505275
41,25,1,0.00107879051938653
41,25,2,0.1174024399369955
46,25,1,0.0010677706450223923
46,25,2,0.15413101064041257
51,25,1,0.0010842503979802132
51,25,2,0.11953009990975261
56,25,1,0.0010763411410152912
56,25,2,0.17530116951093078
61,25,1,0.0011448306031525135
61,25,2,0.15940651996061206
66,25,1,0.0010783504694700241
66,25,2,0.1544986804947257
71,25,1,0.001083791721612215
71,25,2,0.16499191988259554
76,25,1,0.0010839896276593208
76,25,2,0.31158769968897104
81,25,1,0.002070469781756401
81,25,2,0.19846337847411633
86,25,1,0.0010704109445214272
86,25,2,0.20349247846752405
91,25,1,0.0010935915634036064
91,25,2,0.25264917872846127
96,25,1,0.001089470461010933
96,25,2,0.2551604900509119
101,25,1,0.0013911398127675056
101,25,2,0.27199435979127884
106,25,1,0.0010764203034341335
106,25,2,0.25913952849805355
111,25,1,0.0010791188105940819
111,25,2,0.2564164809882641
116,25,1,0.0010744808241724968
116,25,2,0.2526660403236747
121,25,1,0.0010887393727898598
121,25,2,0.27231940999627113
126,25,1,0.0012227403931319714
126,25,2,0.32840854953974485
131,25,1,0.001082459930330515
131,25,2,0.2831679116934538
136,25,1,0.0022464198991656303
136,25,2,0.3017037594690919
141,25,1,0.0010814680717885494
141,25,2,0.31688219867646694
146,25,1,0.0010981503874063492
146,25,2,0.3282187203876674
1,26,1,0.0010859710164368153
1,26,2,0.007246450986713171
6,26,1,0.0014651007950305939
6,26,2,0.020605609752237797
11,26,1,0.0010914099402725697
11,26,2,0.047805479262024164
16,26,1,0.001067060511559248
16,26,2,0.04920321051031351
21,26,1,0.0010809511877596378
21,26,2,0.08532831212505698
26,26,1,0.0010670116171240807
26,26,2,0.10455107083544135
31,26,1,0.0010785204358398914
31,26,2,0.08501306874677539
36,26,1,0.0010731001384556293
36,26,2,0.09900627192109823
41,26,1,0.001082010567188263
41,26,2,0.11178249027580023
46,26,1,0.001075428444892168
46,26,2,0.12407083995640276
51,26,1,0.001077498309314251
51,26,2,0.1839251909404993
56,26,1,0.0010687601752579212
56,26,2,0.19364405190572143
61,26,1,0.0010823598131537437
61,26,2,0.2061911392956972
66,26,1,0.0010850210674107075
66,26,2,0.21901424042880535
71,26,1,0.0011020596139132977
71,26,2,0.23377554025501013
76,26,1,0.0012896792031824589
76,26,2,0.2431367989629507
81,26,1,0.0010980991646647453
81,26,2,0.21101004909723997
86,26,1,0.0011005904525518417
86,26,2,0.22586771054193377
91,26,1,0.0010837498120963573
91,26,2,0.2774727903306484
96,26,1,0.0010730000212788582
96,26,2,0.28686639852821827
101,26,1,0.001267939805984497
101,26,2,0.3022403991781175
106,26,1,0.001156229991465807
106,26,2,0.30100767966359854
111,26,1,0.001239560078829527
111,26,2,0.32259549014270306
116,26,1,0.0010710209608078003
116,26,2,0.3370734304189682
121,26,1,0.0010915100574493408
121,26,2,0.3690418810583651
126,26,1,0.0010697683319449425
126,26,2,0.36732662934809923
131,26,1,0.001074529718607664
131,26,2,0.36210882011801004
136,26,1,0.0012998399324715137
136,26,2,0.3497130097821355
141,26,1,0.001078920904546976
141,26,2,0.397884261328727
146,26,1,0.0010759709402918816
146,26,2,0.41659221053123474
1,27,1,0.0010811607353389263
1,27,2,0.007212900090962648
6,27,1,0.0010860292240977287
6,27,2,0.021045010071247816
11,27,1,0.0012257113121449947
11,27,2,0.04795048851519823
16,27,1,0.0010763108730316162
16,27,2,0.04790551960468292
21,27,1,0.001085589174181223
21,27,2,0.05989594850689173
26,27,1,0.0010698218829929829
26,27,2,0.10417492128908634
31,27,1,0.0010807206854224205
31,27,2,0.08658023085445166
36,27,1,0.0010727113112807274
36,27,2,0.10348274139687419
41,27,1,0.0010814890265464783
41,27,2,0.1263431296683848
46,27,1,0.0010693911463022232
46,27,2,0.12481187004595995
51,27,1,0.0010776915587484837
51,27,2,0.13826982118189335
56,27,1,0.0010778405703604221
56,27,2,0.15767341945320368
61,27,1,0.0010732398368418217
61,27,2,0.20840478129684925
66,27,1,0.0015209917910397053
66,27,2,0.17907352885231376
71,27,1,0.001263211015611887
71,27,2,0.19233085913583636
76,27,1,0.0010731397196650505
76,27,2,0.24800778133794665
81,27,1,0.0010823900811374187
81,27,2,0.2220808109268546
86,27,1,0.001250158529728651
86,27,2,0.23121818201616406
91,27,1,0.0010810187086462975
91,27,2,0.28679070994257927
96,27,1,0.0011001084931194782
96,27,2,0.2981281513348222
101,27,1,0.001098020002245903
101,27,2,0.30274480814114213
106,27,1,0.0010693189688026905
106,27,2,0.29149306006729603
111,27,1,0.0010784179903566837
111,27,2,0.2888071397319436
116,27,1,0.0010732701048254967
116,27,2,0.2861933596432209
121,27,1,0.0010921014472842216
121,27,2,0.30556628946214914
126,27,1,0.0010849605314433575
126,27,2,0.37044899072498083
131,27,1,0.0010821991600096226
131,27,2,0.3817010298371315
136,27,1,0.0010726996697485447
136,27,2,0.3732320200651884
141,27,1,0.0012793391942977905
141,27,2,0.3494987590238452
146,27,1,0.001082520466297865
146,27,2,0.369001601357013
1,28,1,0.0010825693607330322
1,28,2,0.010451290290802717
6,28,1,0.001569709274917841
6,28,2,0.03208687994629145
11,28,1,0.0015920703299343586
11,28,2,0.03709911135956645
16,28,1,0.00107503030449152
16,28,2,0.05193044897168875
21,28,1,0.0010832701809704304
21,28,2,0.09675861103460193
26,28,1,0.0010711909271776676
26,28,2,0.0814667297527194
31,28,1,0.0010881805792450905
31,28,2,0.09509708965197206
36,28,1,0.0010742503218352795
36,28,2,0.11269854847341776
41,28,1,0.0010778382420539856
41,28,2,0.17196072963997722
46,28,1,0.0010882201604545116
46,28,2,0.18805454950779676
51,28,1,0.0010874518193304539
51,28,2,0.19742339849472046
56,28,1,0.0010730791836977005
56,28,2,0.2109905402176082
61,28,1,0.00108618987724185
61,28,2,0.1812917715869844
66,28,1,0.0010817497968673706
66,28,2,0.1940826210193336
71,28,1,0.0010890699923038483
71,28,2,0.2557566901668906
76,28,1,0.0010814215056598186
76,28,2,0.264761121943593
81,28,1,0.0011043017730116844
81,28,2,0.27810489060357213
86,28,1,0.0012413389049470425
86,28,2,0.3000759007409215
91,28,1,0.0010830000974237919
91,28,2,0.31577514950186014
96,28,1,0.0010710605420172215
96,28,2,0.33022884046658874
101,28,1,0.0010866811498999596
101,28,2,0.3456420893780887
106,28,1,0.001543539110571146
106,28,2,0.5259263911284506
111,28,1,0.0013744109310209751
111,28,2,0.3728027897886932
116,28,1,0.0010994006879627705
116,28,2,0.392503309994936
121,28,1,0.0010765297338366508
121,28,2,0.3441263805143535
126,28,1,0.0010814610868692398
126,28,2,0.3578659310005605
131,28,1,0.0011738389730453491
131,28,2,0.4232796304859221
136,28,1,0.001077109482139349
136,28,2,0.4281597980298102
141,28,1,0.001079300418496132
141,28,2,0.40119251934811473
146,28,1,0.001095340121537447
146,28,2,0.44260413851588964
1,29,1,0.001087728887796402
1,29,2,0.007752799428999423
6,29,1,0.0010730698704719543
6,29,2,0.022389311343431473
11,29,1,0.0010830187238752842
11,29,2,0.0539437192492187
16,29,1,0.0010675005614757538
16,29,2,0.0755009101703763
21,29,1,0.0010851514525711536
21,29,2,0.09692003950476646
26,29,1,0.0010776892304420471
26,29,2,0.11827172012999654
31,29,1,0.0010816915892064571
31,29,2,0.1395916286855936
36,29,1,0.0010739988647401333
36,29,2,0.10929370066151023
41,29,1,0.0010810792446136475
41,29,2,0.17215142026543617
46,29,1,0.0010742107406258583
46,29,2,0.18688573967665434
51,29,1,0.0012619583867490292
51,29,2,0.15619740122929215
56,29,1,0.0012655393220484257
56,29,2,0.21616851910948753
61,29,1,0.0010735401883721352
61,29,2,0.2257182402536273
66,29,1,0.0010848999954760075
66,29,2,0.19691785098984838
71,29,1,0.001652599312365055
71,29,2,0.21808608202263713
76,29,1,0.0013198889791965485
76,29,2,0.2678263792768121
81,29,1,0.0010796915739774704
81,29,2,0.26957119116559625
86,29,1,0.0010703015141189098
86,29,2,0.25041579036042094
91,29,1,0.0010754214599728584
91,29,2,0.3164788498543203
96,29,1,0.0010669184848666191
96,29,2,0.304774169344455
101,29,1,0.0010767695493996143
101,29,2,0.3259591478854418
106,29,1,0.0010751187801361084
106,29,2,0.3085882915183902
111,29,1,0.0013575190678238869
111,29,2,0.3603641106747091
116,29,1,0.0010745110921561718
116,29,2,0.37501967046409845
121,29,1,0.0010745110921561718
121,29,2,0.39423858979716897
126,29,1,0.001074438914656639
126,29,2,0.4047163715586066
131,29,1,0.001075428444892168
131,29,2,0.40462412871420383
136,29,1,0.0010735401883721352
136,29,2,0.41528566973283887
141,29,1,0.0013264594599604607
141,29,2,0.4584363801404834
146,29,1,0.0013086688704788685
146,29,2,0.44341318076476455
1,30,1,0.0010850513353943825
1,30,2,0.008623090106993914
6,30,1,0.0010740500874817371
6,30,2,0.025379830040037632
11,30,1,0.0010773190297186375
11,30,2,0.046753191854804754
16,30,1,0.0010679708793759346
16,30,2,0.05943578900769353
21,30,1,0.001786588691174984
21,30,2,0.11103393044322729
26,30,1,0.0010802899487316608
26,30,2,0.13730722945183516
31,30,1,0.0010856380686163902
31,30,2,0.1584855793043971
36,30,1,0.0010695704258978367
36,30,2,0.12932468904182315
41,30,1,0.001084029208868742
41,30,2,0.14779170975089073
46,30,1,0.0010737916454672813
46,30,2,0.20889528095722198
51,30,1,0.001088031567633152
51,30,2,0.22485211957246065
56,30,1,0.001253378577530384
56,30,2,0.23894893005490303
61,30,1,0.0010950816795229912
61,30,2,0.2511852397583425
66,30,1,0.0010732188820838928
66,30,2,0.26747695868834853
71,30,1,0.0012495112605392933
71,30,2,0.2898211497813463
76,30,1,0.0012452201917767525
76,30,2,0.30296027893200517
81,30,1,0.0010843388736248016
81,30,2,0.3207476600073278
86,30,1,0.0010774098336696625
86,30,2,0.34652912989258766
91,30,1,0.0010954099707305431
91,30,2,0.35331950057297945
96,30,1,0.0011941487900912762
96,30,2,0.3738274797797203
101,30,1,0.001091519370675087
101,30,2,0.36364065017551184
106,30,1,0.0010747392661869526
106,30,2,0.36486363038420677
111,30,1,0.0010834704153239727
111,30,2,0.35614293068647385
116,30,1,0.0010776892304420471
116,30,2,0.4468119191005826
121,30,1,0.0012291688472032547
121,30,2,0.4204008588567376
126,30,1,0.001089570578187704
126,30,2,0.48651563934981823
131,30,1,0.0010875705629587173
131,30,2,0.4996604402549565
136,30,1,0.0010686693713068962
136,30,2,0.5122604686766863
141,30,1,0.0010796403512358665
141,30,2,0.571309020742774
146,30,1,0.0010795099660754204
146,30,2,0.5228169285692275
1,31,1,0.0012559699825942516
1,31,2,0.008013809565454721
6,31,1,0.0012901099398732185
6,31,2,0.025301058776676655
11,31,1,0.001076720654964447
11,31,2,0.06103170104324818
16,31,1,0.001079461071640253
16,31,2,0.08681640960276127
21,31,1,0.0010910001583397388
21,31,2,0.11066631879657507
26,31,1,0.001312941312789917
26,31,2,0.13580630999058485
31,31,1,0.0010730093345046043
31,31,2,0.11352014960721135
36,31,1,0.0010753097012639046
36,31,2,0.12966510141268373
41,31,1,0.0010766508057713509
41,31,2,0.15095572220161557
46,31,1,0.0032989191822707653
46,31,2,0.16346294898539782
51,31,1,0.0010853284038603306
51,31,2,0.18410204909741879
56,31,1,0.0011457083746790886
56,31,2,0.3168445988558233
61,31,1,0.0019012903794646263
61,31,2,0.21779811941087246
66,31,1,0.0010795798152685165
66,31,2,0.2753899502567947
71,31,1,0.0010985392145812511
71,31,2,0.2752753300592303
76,31,1,0.0010729092173278332
76,31,2,0.3116357489489019
81,31,1,0.0010803807526826859
81,31,2,0.32933330861851573
86,31,1,0.0012852600775659084
86,31,2,0.3445390216074884
91,31,1,0.001082560047507286
91,31,2,0.3188936598598957
96,31,1,0.0010666507296264172
96,31,2,0.33593992004171014
101,31,1,0.0010902783833444118
101,31,2,0.36544276867061853
106,31,1,0.0010769790969789028
106,31,2,0.36788308061659336
111,31,1,0.0010771304368972778
111,31,2,0.3702224907465279
116,31,1,0.0010747299529612064
116,31,2,0.3668809914961457
121,31,1,0.0010855612345039845
121,31,2,0.42750912019982934
126,31,1,0.002303081564605236
126,31,2,0.4504338791593909
131,31,1,0.0010950607247650623
131,31,2,0.43508996022865176
136,31,1,0.0010732095688581467
136,31,2,0.4697932000271976
141,31,1,0.0010913400910794735
141,31,2,0.49554342869669193
146,31,1,0.0010810489766299725
146,31,2,0.5513487197458744
1,32,1,0.0010858802124857903
1,32,2,0.008749088738113642
6,32,1,0.0011668610386550426
6,32,2,0.029419180937111378
11,32,1,0.0010922597721219063
11,32,2,0.04779089940711856
16,32,1,0.0010773609392344952
16,32,2,0.09729939978569746
21,32,1,0.0010825693607330322
21,32,2,0.12636264087632298
26,32,1,0.002315670717507601
26,32,2,0.15308334026485682
31,32,1,0.0010839290916919708
31,32,2,0.12662921100854874
36,32,1,0.001230838242918253
36,32,2,0.19175878958776593
41,32,1,0.0010772119276225567
41,32,2,0.1673633698374033
46,32,1,0.001069800928235054
46,32,2,0.2208319609053433
51,32,1,0.0010775798000395298
51,32,2,0.20425084978342056
56,32,1,0.0017328490503132343
56,32,2,0.26369716972112656
61,32,1,0.0010839104652404785
61,32,2,0.24469944881275293
66,32,1,0.0010764598846435547
66,32,2,0.3053154097869992
71,32,1,0.0010823504999279976
71,32,2,0.36360148806124926
76,32,1,0.001078709028661251
76,32,2,0.2954743383452296
81,32,1,0.0010874611325562
81,32,2,0.3242005710490048
86,32,1,0.0010720989666879177
86,32,2,0.38456968031823635
91,32,1,0.0010772398672997952
91,32,2,0.40429754881188273
96,32,1,0.0010786904022097588
96,32,2,0.3922319388948381
101,32,1,0.0012818584218621254
101,32,2,0.4503692500293255
106,32,1,0.001317670103162527
106,32,2,0.42540684109553695
111,32,1,0.0010910513810813427
111,32,2,0.48416581004858017
116,32,1,0.00107120955362916
116,32,2,0.5066023604013026
121,32,1,0.001092150341719389
121,32,2,0.5301202787086368
126,32,1,0.0010752887465059757
126,32,2,0.5403684382326901
131,32,1,0.001089540310204029
131,32,2,0.5324351787567139
136,32,1,0.001069740392267704
136,32,2,0.5478787398897111
141,32,1,0.0012736092321574688
141,32,2,0.5471960199065506
146,32,1,0.0010929000563919544
146,32,2,0.5733599606901407
