[
    {
        "Reshape": {
            "attr": {
                "attr": {
                    "weight_shape": null
                },
                "node": null,
                "shape": [],
                "type": "Reshape"
            },
            "inbounds": [
                "packed"
            ],
            "outbounds": [
                "transpose"
            ]
        },
        "packed": {
            "attr": {
                "attr": {
                    "weight_shape": null
                },
                "node": null,
                "shape": [],
                "type": "Pack"
            },
            "inbounds": [
                "strided_slice"
            ],
            "outbounds": [
                "Reshape"
            ]
        },
        "strided_slice": {
            "attr": {
                "attr": {
                    "weight_shape": null
                },
                "node": null,
                "shape": [],
                "type": "StridedSlice"
            },
            "inbounds": [
            ],
            "outbounds": [
                "packed"
            ]
        },
        "transpose": {
            "attr": {
                "attr": {
                    "weight_shape": null
                },
                "node": null,
                "shape": [],
                "type": "Transpose"
            },
            "inbounds": [
                "Reshape"
            ],
            "outbounds": [
                "Reshape_1"
            ]
        },
        "Reshape_1": {
            "attr": {
                "attr": {
                    "weight_shape": null
                },
                "node": null,
                "shape": [],
                "type": "Reshape"
            },
            "inbounds": [
                "transpose",
                "packed_1"
            ],
            "outbounds": [
            ]
        },
        "packed_1": {
            "attr": {
                "attr": {
                    "weight_shape": null
                },
                "node": null,
                "shape": [],
                "type": "Pack"
            },
            "inbounds": [
                "strided_slice_1"
            ],
            "outbounds": [
                "Reshape_1"
            ]
        },
        "strided_slice_1": {
            "attr": {
                "attr": {
                    "weight_shape": null
                },
                "node": null,
                "shape": [],
                "type": "StridedSlice"
            },
            "inbounds": [
            ],
            "outbounds": [
                "packed_1"
            ]
        }
    },
    {
        "Reshape_144": {
            "attr": {
                "attr": {},
                "type": "reshape"
            },
            "inbounds": [
                "Transpose_139"
            ],
            "outbounds": []
        },
        "Transpose_139": {
            "attr": {
                "attr": {},
                "type": "transpose"
            },
            "inbounds": [
                "Reshape_138"
            ],
            "outbounds": [
                "Reshape_144"
            ]
        },
        "Reshape_138": {
            "attr": {
                "attr": {},
                "type": "reshape"
            },
            "inbounds": [],
            "outbounds": [
                "Transpose_139"
            ]
        }
    }
]